0xc02aaa39b223fe8d0a0e5c4f27ead9083c756cc2,Wrapped Ether
0xa0b86991c6218b36c1d19d4a2e9eb0ce3606eb48,Centre: USD Coin
0x6b175474e89094c44da98b954eedeac495271d0f,Maker: Dai Stablecoin
0xdac17f958d2ee523a2206206994597c13d831ec7,Tether: USDT Stablecoin
0xb1191f691a355b43542bea9b8847bc73e7abb137,Kirobo: KIRO Token
0x2260fac5e5542a773aa44fbcfedf7c193bc2c599,Wrapped BTC: WBTC Token
0xd533a949740bb3306d119cc777fa900ba034cd52,Curve.fi: CRV Token
0x853d955acef822db058eb8505911ed77f175b99e,Frax Finance: FRAX Token
0x7fc66500c84a76ad7e9c93437bfc5ac33e2ddae9,Aave: AAVE Token
0x0d8775f648430679a709e98d2b0cb6250d2887ef,Basic Attention: BAT Token
0xc690f7c7fcffa6a82b79fab7508c466fefdfc8c5,Lympo Token
0x949d48eca67b17269629c7194f4b727d4ef9e5d6,Merit Circle: MC Token
0x656c00e1bcd96f256f224ad9112ff426ef053733,Efinity: EFI Token
0xeeaa2deebded2d04f32ba2a83d73c31c58e612f3,DTrafalgar
0x9ea3b5b4ec044b70375236a281986106457b20ef,Delta: DELTA Token
0xf16e81dce15b08f326220742020379b855b87df9,Popsicle Finance: ICE token
0xc011a73ee8576fb46f5e1c5751ca3b9fe0af2a6f,Synthetix: Proxy SNX Token
0x6810e776880c02933d47db1b9fc05908e5386b96,Gnosis: GNO Token
0xffceca5b48b9b616440bebe421ff210c19eed6a7,Bullrun
0x95ad61b0a150d79219dcf64e1e6cc01f0b64c4ce,Shiba Inu: SHIB Token
0x3472a5a71965499acd81997a54bba8d852c6e53d,Badger: BADGER Token
0x9fa69536d1cda4a04cfb50688294de75b505a9ae,DeRace: DERC Token
0x2b591e99afe9f32eaa6214f7b7629768c40eeb39,HEX.com: HEX Token
0xbaa9af8a83500ac4137c555b9e58ccb3e1f2269d,ShinChan: Shinnosuke Token
0x090185f2135308bad17527004364ebcc2d37e5f6,Abracadabra.money: SPELL Token
0xc18360217d8f7ab5e7c516566761ea12ce7f9d72,ENS: ENS Token
0x69af81e73a73b40adf4f3d4223cd9b1ece623074,Mask Network: MASK Token
0x0316eb71485b0ab14103307bf65a021042c6d380,Huobi: HBTC Token
0xeb4c2781e4eba804ce9a9803c67d0893436bb27d,Ren: renBTC Token
0x57ab1ec28d129707052df4df418d58a2d46d5f51,Synthetix: Proxy sUSD Token
0x1f9840a85d5af5bf1d1762f925bdaddc4201f984,Uniswap Protocol: UNI token
0xd76d3b52ca0df8456d248337ca83e8ddedf8227d,BALTOKEN
0xf57e7e7c23978c3caec3c3548e3d615c346e79ff,IMMUTABLE X: IMX Token
0x9f8f72aa9304c8b593d555f12ef6589cc3a579a2,Maker Token
0x956f47f50a910163d8bf957cf5846d573e7f87ca,Fei Protocol: FEI Token
0x0f5d2fb29fb7d3cfee444a200298f468908cc942,Decentraland: MANA Token
0x01e0e2e61f554ecaaec0cc933e739ad90f24a86d,Graviton: GTON Token
0xb4efd85c19999d84251304bda99e90b92300bd93,Rocket Pool: Old RPL Token
0x476c5e26a75bd202a9683ffd34359c0cc15be0ff,Serum: SRM Token
0x3affcca64c2a6f4e3b6bd9c64cd2c969efd1ecbe,Stacktical: DSLA Token
0xe5b826ca2ca02f09c1725e9bd98d9a8874c30532,Zeon Token
0x77fba179c79de5b7653f68b5039af940ada60ce0,Ampleforth Governance: FORTH Token
0xa47c8bf37f92abed4a126bda807a7b7498661acd,Terra: USTC Token
0xd85301d4ab345b901a0ef369f69f7e6ff06b97a3,DCMC
0x8642a849d0dcb7a15a974794668adcfbe4794b56,Prosper: PROS Token
0x7bb594b3c757801346801f025699e39e7aaf5a49,Orb
0x2f109021afe75b949429fe30523ee7c0d5b27207,OccamFi: OCC Token
0x6b3595068778dd592e39a122f4f5a5cf09c90fe2,SushiSwap: SUSHI Token
0xddb3422497e61e13543bea06989c0789117555c5,Coti: COTI Token
0x58b6a8a3302369daec383334672404ee733ab239,Livepeer: LPT Token
0x73968b9a57c6e53d41345fd57a6e6ae27d6cdb2f,Stake DAO: SDT Token
0x514910771af9ca656af840dff83e8264ecf986ca,Chainlink: LINK Token
0xdb5c3c46e28b53a39c255aa39a411dd64e5fed9c,Neos: NCR Token
0x653430560be843c4a3d143d0110e896c2ab8ac0d,Molecular Future Token
0x1c9922314ed1415c95b9fd453c3818fd41867d0b,Tower: TOWER Token
0x557b933a7c2c45672b610f8954a3deb39a51a8ca,Animoca: REVV Token
0x0202be363b8a4820f3f4de7faf5224ff05943ab1,UniLend Finance: UFT Token
0x99d8a9c45b2eca8864373a26d1459e3dff1e17f3,Abracadabra.money: MIM Token
0x25f8087ead173b73d6e8b84329989a8eea16cf73,Yield Guild Games: YGG Token
0xba11d00c5f74255f56a5e366f4f77f5a186d7f55,Band Protocol: BAND Token
0xec67005c4e498ec7f55e092bd1d35cbc47c91892,Enzyme Finance: MLN Token
0x2e9d63788249371f1dfc918a52f8d799f4a38c94,Tokemak: TOKE Token
0x4e3fbd56cd56c3e72c1403e103b45db9da5b9d2b,Convex Finance: CVX Token
0xbc396689893d065f41bc2c6ecbee5e0085233447,Perpetual Protocol: PERP Token
0xe90e3c55c5ce9fc3d7a96733f421852158af7808,WETH
0x0bc529c00c6401aef6d220be8c6ea1667f6ad93e,Ygov.finance: YFI Token
0x0f51bb10119727a7e5ea3538074fb341f56b09ad,DAO Maker: DAO Token
0x249e38ea4102d0cf8264d3701f1a0e39c4f2dc3b,UFO Gaming: UFO Token
0xf34b1db61aca1a371fe97bad2606c9f534fb9d7d,Arbismart: RBIS Token
0x1a7e4e63778b4f12a199c062f3efdd288afcbce8,Angle Protocol: agEUR
0xc581b735a1688071a1746c968e0798d642ede491,Euro Tether: EURT Token
0xf5c771e0b749444eaec5c1f7ef5c0b93200bb0e4,S-ONE Finance: SONE Token
0xf1f955016ecbcd7321c7266bccfb96c68ea5e49b,Rally: RLY Token
0xd075e95423c5c4ba1e122cae0f4cdfa19b82881b,OPES Finance: wPE Token
0x4412377bedde232e784e26af46a8943994f8b175,Shinigami
0xb4646b9c7b5c65d38229fd9d567296de434b8b60,GrimaceCoin
0x9d95d1a9d2c5325ae16f2640804b0fdf15e3c612,GrimaceCoin
0x31c4e7e38be231bbeb81269d4e42b4af4492360d,McMeta
0x69dd7afe68ec99313405af735d7654cb073d5482,neith
0x018948fa12e4d760725d58af80cf02cc63baab8c,BabyGrimace
0x408e41876cccdc0f92210600ef50372656052a38,Ren: REN Token
0x0ab87046fbb341d058f17cbc4c1133f25a20a52f,OlympusDAO: gOHM Token
0x8a6f3bf52a26a21531514e23016eeae8ba7e7018,Mxx
0x8207c1ffc5b6804f6024322ccf34f29c3541ae26,Origin: OGN Token
0x07bac35846e5ed502aa91adf6a9e7aa210f2dcbe,Sifchain: erowan Token
0x7dd9c5cba05e151c895fde1cf355c9a1d5da6429,Golem: GLM Token
0x6069c9223e8a5da1ec49ac5525d4bb757af72cd8,MUSK Gold: MUSK Token
0xd46ba6d942050d489dbd938a2c909a5d5039a161,Ampleforth: AMPL Token
0xa117000000f279d81a1d3cc75430faa017fa5a2e,Aragon: ANT Token
0x1104080b3ca1f766a33c16aa890465d1a63e5078,Red Knight Token: RKT Token
0x865377367054516e17014ccded1e7d814edc9ce4,Inverse Finance: DOLA Token
0x3432b6a60d23ca0dfca7761b7ab56459d9c964d0,Frax Finance: FXS Token
0x00a8b738e453ffd858a7edf03bccfe20412f0eb0,AllianceBlock: ALBT Token
0x8f8221afbb33998d8584a2b05749ba73c37a938a,Request Token
0x5f98805a4e8be255a32880fdec7f6728c6568ba0,Liquity LUSD: LUSD Token
0x3b94440c8c4f69d5c9f47bab9c5a93064df460f5,Rng
0x961dd84059505d59f82ce4fb87d3c09bec65301d,HumanStandardToken
0xd33526068d116ce69f19a9ee46f0bd304f21a51f,Rocket Pool: RPL Token
0x41d5d79431a913c4ae7d69a668ecdfe5ff9dfb68,Inverse Finance: INV Token
0x5a98fcbea516cf06857215779fd812ca3bef1b32,Lido: LDO Token
0x1494ca1f11d487c2bbe4543e90080aeba4ba3c2b,Set: DeFiPulse Index
0x6fc13eace26590b80cccab1ba5d51890577d83b2,Umbrella Network: UMB Token
0x9813037ee2218799597d83d4a5b6f3b6778218d9,ShibaSwap: BONE Token
0x31c8eacbffdd875c74b94b077895bd78cf1e64a3,Radicle: RAD Token
0xc00e94cb662c3520282e6f5717214004a7f26888,Compound: COMP Token
0xd5147bc8e386d91cc5dbe72099dac6c9b99276f5,Ren: renFIL Token
0x990f341946a3fdb507ae7e52d17851b87168017c,StrongBlock: STRONG Token
0x35602c0fdb3af7ea9ebd697e0c3cc708956b8585,GOODBOYS
0x1160bd3bf941ccc47508824214aba91edda20861,McDegenCapital
0x4c7c70e1ea0030db91f65732f1145574f1bca913,OkuriInu
0x29eb941de08912ac14287bde50e87e5bd90110de,MetaPimp
0x769642565bbeaf3fee359921cef603bd48262e9b,ShibaBear
0x056fd409e1d7a124bd7017459dfea2f387b6d5cd,Gemini: GUSD Token
0x17819745f30a4fde16d163a9d1e5728eea0ac1c6,Harambe
0xd9016a907dc0ecfa3ca425ab20b6b785b42f2373,GAMEE: GMEE Token
0xeb7d73d399cb21074d29fe862392c58a2864747c,CheemsInu
0x327673ae6b33bd3d90f0096870059994f30dc8af,Lympo Market Token: LMT Token
0x54c137667c11c26d13c7bbb7fbfa8b7c50f181a4,SushiInu
0x3819f64f282bf135d62168c1e513280daf905e06,Hedron: HDRN Token
0x37fe0f067fa808ffbdd12891c0858532cfe7361d,Civilization: CIV Token
0x69ee902073d62f4dbb4f4c1ffb0008848b684192,HakumaMatama
0xd6f96a72458aef6d778f174d0b156bff357ed531,MetaBee
0xe738155113ceb625bb93a1c36d36e65b3b2c2a1d,Dogereum
0x320af4184fb672fb4c6a1090f756bc6d8960e3d6,OBAMATAMA
0x6c77b12d5a815f414ce5f4f5bf867a1ca11ac09b,MCDAO
0xda75f3c4966f08db76e17291f66fa7adf8da39e1,Reflec
0x450f2096914f5de133c25392722fab1193b3037a,Reflec
0x4a78ad15b5325b053d6239f9da617311631cc5f3,GOUDA
0x73c65c58ca9299ba9c47dfcfc4129e4a90027ea1,Feta
0x6b67e881b9f773e0b8b3b28136fbbd3839d82e66,FETA
0x08f17d6dad5d5a17c2efcf4f535de922b9d6a723,ChowTama
0xa82beed0292e2c2f9dfe03ea9b8163e182efb678,CHUCK
0x81c252ed16165430b3a7282b355c0c93579aab22,ProvoloneEth
0x95db04549f0e09592927953ac2b13f84a669bace,ShibaReloaded
0x065a3085e70b3e3dc3e228175b9aff0e1200a72d,JPEGWentworth
0x97fac96063028a5d9fc00303b0e8e076621a6cfb,Inubowl
0x5bb3c7b9c690712e3c55e6307f75c7d286b9c9be,MuskRaft
0xe21c5b13d8d1b224a52a3ed663ef93c0f1a3f2b9,Shinjurai
0x5f335bbb89f3e9d33c1f09ec969d102234cd327a,Project22
0x4394e4100515b42ab2cf74efa79a09010f265faa,DonkeyShlongInu
0xee6b9cf11d968e0bac7bfff547577b8ae35b8065,Meme Kong: MKONG Token
0x32353a6c91143bfd6c7d363b546e62a9a2489a20,Loot: Adventure Gold
0x59639e72b634ceaa7f1b594adfb3854825d348fc,ShibaCash
0xe629a1032ba1f0534cb2748e1727c3e32dbada57,MultiCapitalInu
0xb97da1ce4975665f7cb214e107a50aca06f6c347,Kaiju
0x4dc3c11fce5303a3a139f178fd1e144e6f4d9454,ShadyInu
0x4691937a7508860f876c9c0a2a617e7d9e945d4b,Woo Network: WOO Token
0xe429da5ec84dc8210915a9331d10da449d78725c,Legoshi
0x1382fcea8d58c5e6fe5181304c8866ac86d42701,RamenINU
0xc7283b66eb1eb5fb86327f08e1b5816b0720212b,Fei Protocol: Tribe
0xddd6a0ecc3c6f6c102e5ea3d8af7b801d1a77ac8,StandardERC20
0x3a880652f47bfaa771908c07dd8673a787daed3a,DerivaDEX: DDX Token
0xe356088b050d2e39b9c527d16e9b4d6a1a32adc2,XFloki
0x2d51f2de624e454173b1be73627237204e9101a7,EGG
0xe16702d210e46dd37f63f353327955362b53fe61,LittleETHRidingHood
0xd0660cd418a64a1d44e9214ad8e459324d8157f1,Yearn: WOOFY Token
0x858f30d3177d1fc1e06386290a73ef27d25a4faa,MetaverseCapitalOffical
0x798d1be841a82a273720ce31c822c61a67a601c3,Badger: DIGG Token
0x43f11c02439e2736800433b4594994bd43cd066d,Floki Inu: Old - FLOKI Token
0xe64b18ea9f6cef68888ce13274b94f34597d3286,TokenERC20
0x165ac529598fbf6f18fbbc06ad1c8748c70aecea,HeimerInu
0x837010619aeb2ae24141605afc8f66577f6fb2e7,zLOT.Finance: zHEGIC Token
0x6123b0049f904d730db3c36a31167d9d4121fa6b,Ribbon Finance: RBN Token
0x721ff395a06efd0245b7cc82a0683e476725d327,Cobra
0x61a1589c4cdf1e5e729b59bfb2f9fd83920c21f9,SantaMoon
0x4a653445a1f812342b53dde972da248bdc9978c7,GUNDAM
0x3155ba85d5f96b2d030a4966af206230e46849cb,THORCHAIN: RUNE Token
0xebd9d99a3982d547c5bb4db7e3b1f9f14b67eb83,Everest ID Token
0x83e6f1e41cdd28eaceb20cb649155049fac3d5aa,Polkastarter: POLS Token
0x8b3192f5eebd8579568a2ed41e6feb402f93f73f,Saitama Inu: Old SAITAMA Token
0x27c70cd1946795b66be9d954418546998b546634,Shiba Inu: LEASH Token
0x1b40183efb4dd766f11bda7a7c3ad8982e998421,Vesper Finance: Vesper Token
0xd794dd1cada4cf79c9eebaab8327a1b0507ef7d4,HYVE: HYVE Token
0x03ab458634910aad20ef5f1c8ee96f1d6ac54919,Reflexer: RAI Token
0x4c2e59d098df7b6cbae0848d66de2f8a4889b9c3,FODL: FODL Token
0x383518188c0c6d7730d91b2c03a03c837814a899,OlympusDAO: OHM  V1 Token
0x5b09a0371c1da44a8e24d36bf5deb1141a84d875,MAD Token
0x4e15361fd6b4bb609fa63c81a2be19d873717870,Fantom: FTM Token
0x6468e79a80c0eab0f9a2b574c8d5bc374af59414,Radix: eXRD Token
0xba100000625a3754423978a60c9317c58a424e3d,Balancer: BAL Token
0x62b9c7356a2dc64a1969e19c23e4f579f9810aa7,Convex Finance: cvxCRV Token
0x1ceb5cb57c4d4e2b2433641b95dd330a33185a44,Keep3r: KP3R Token
0xf293d23bf2cdc05411ca0eddd588eb1977e8dcd4,SyloToken
0xcb84d72e61e383767c4dfeb2d8ff7f4fb89abc6e,Vega Protocol: VEGA Token
0xab2a7b5876d707e0126b3a75ef7781c77c8877ee,Quadency: QUAD Token
0xd9d60b80a3f32f1332220079b9598a1b00f375a0,SIM
0x0f2d719407fdbeff09d87557abb7232601fd9f29,Synapse: SYN Token
0x362bc847a3a9637d3af6624eec853618a43ed7d2,PARSIQ: PRQ Token
0x1c48f86ae57291f7686349f12601910bd8d470bb,OKLink: USDK Token
0xae7ab96520de3a18e5e111b5eaab095312d7fe84,Lido: stETH Token
0x33349b282065b0284d756f0577fb39c158f935e6,Maple.finance: MPL Token
0x76306f029f8f99effe509534037ba7030999e3cf,Acreage: ACR Token
0x111111111117dc0aa78b770fa6a738034120c302,1inch Network: 1INCH Token
0xca6f5edb41ace6ea88e645fa80a114333cc032dc,QUACK
0xd8bdb21686425dd40cbca9ec6e04384b1f5e4c09,YOGAINU
0x39fbbabf11738317a448031930706cd3e612e1b9,Wrapped: WXRP Token
0x59c716697f68ab5644b25a8165dda38702ae8703,TEMUJIN
0xcfc81bc2507467084f038e88eb6576b4e66f6add,ERC20
0x967da4048cd07ab37855c090aaf366e4ce1b9f48,Ocean Protocol: OCEAN Token
0x4e15863d76838ed1677d3d4f9fcfa7a4049119af,SHIBAGUN
0x6e6c6b24371d2ee18fc39b4bc534b4344d2bbd61,ShinJutsu
0x84db5245443ab601bc03b83731f9509baab89998,KujoInu
0x3b484b82567a09e2588a13d54d032153f0c0aee0,The OpenDAO: SOS Token
0xe177f7fade6a96bf33b0c6b5a21cf6492cba16ab,Tsuru
0x48c276e8d03813224bb1e55f953adb6d02fd3e02,Kuma Inu: KUMA Token
0x7d1afa7b718fb893db30a3abc0cfc608aacfebb0,Polygon (Matic): Matic Token
0x3301ee63fb29f863f2333bd4466acb46cd8323e6,Akita Inu: AKITA Token
0xd291e7a03283640fdc51b121ac401383a46cc623,Rari Capital: RGT Token
0x4a220e6096b25eadb88358cb44068a3248254675,Quant: QNT Token
0x30bcd71b8d21fe830e493b30e90befba29de9114,Penguin Party Fish Token
0xda9fdab21bc4a5811134a6e0ba6ca06624e67c07,QUIDD
0x2bc4c9a279d0e1b2b2e1eb4f313cfe22a2e182d5,NotArt
0xf4d2888d29d722226fafa5d9b24f9164c092421e,LooksRare: LOOKS Token
0xaeb423036c79a17de2875ee3dfb9d3d811ecd71c,IreneDoge
0xb830de43ceb2171e0294026a0fd5d0a669098197,Ninjape
0xabe580e7ee158da464b51ee1a83ac0289622e6be,Offshift: XFT Token
0x25f0500576c4b555c3ba70ceba92d40b3748f610,ONE
0x4d224452801aced8b2f0aebe155379bb5d594381,Apecoin: APE Token
0x7659ce147d0e714454073a5dd7003544234b6aa0,XCAD Network: XCAD Token
0xcfcecfe2bd2fed07a9145222e8a7ad9cf1ccd22a,Adshares: ADS Token
0xb31ef9e52d94d4120eb44fe1ddfde5b4654a6515,Dose: DOSE Token
0xc5fb36dd2fb59d3b98deff88425a3f425ee469ed,DEJITARU TSUKA: TSUKA Token
0xce9bfabf95b7cb76cb6e048048f2947826c76897,ShadowNinja
0xdd5bdcc1fe9859bc0f625ec345143c082f973bc6,Nihilism
0x9b7a5af8f29c620d04aa0612cdb4e277e69c6f59,Pythagoras
0xa3bed4e1c75d00fa6f4e5e6922db7261b5e9acd2,mStable: MTA Token
0xc0ba369c8db6eb3924965e5c4fd0b4c1b91e305f,DuckDao: DUCK Token
0x6a05a3c6d7b665283dd0a6096b7b5797f50a2799,Kagutsuchi
0x8a6d4c8735371ebaf8874fbd518b56edd66024eb,BLOCKS DAO: BLOCKS Token
0xc944e90c64b2c07662a292be6244bdf05cda44a7,The Graph: GRT Token
0xc2544a32872a91f4a553b404c6950e89de901fdb,Frax Price: FPIS Token
0xc0d4ceb216b3ba9c3701b291766fdcba977cec3a,Redacted Cartel: BTRFLY Token
0x64aa3364f17a4d01c6f1751fd97c2bd3d7e7f1d5,OlympusDAO: OHM Token
0x5ca135cb8527d76e932f34b5145575f9d8cbe08e,Frax Finance: FPI Token
0xaac1abdb4fb7a91a0e2e036dfacc45f708ed6a39,Contract Address 0xaac1abdb4fb7a91a0e2e036dfacc45f708ed6a39
0x1e171967a07873d89ac767026a2d781b72572006,Token
0x0b38210ea11411557c13457d4da7dc6ea731b88a,API3: API3 Token
0xef7cf19404f07de88ae7986d2dfbdec39d9be6b8,LosPollosHermanos
0x4debb94ffa5dd9a2cdc033e02d5676d1a34a199b,DynaETH
0x1d74a8c50ed81cff89039c4b0a9b6a5636b6909c,Homurai
0xc32aa9393907b262208ea63558747110a6dea9fa,Harpy
0xa01953de31bd90aba95d2dc9390419b8f01b408a,KennyToken
0x4ba32f87506a7c32945fc5f107e7439afd289916,ThatWasEasy
0x09a3ecafa817268f77be1283176b946c4ff2e608,Mirror Protocol: MIR Token
0x0776e34d0777b58f0a284cacea7a8f8bc5d5bd69,Crinja
0xf9122fbed9b2b68c9437dbf706761f379903bea5,APESHIT
0x48a6771f01f126707b42e2c8270bc265f910985e,Catopia
0x66f956cc2385df6477172a743169d18609b218b2,ApeCoinInu
0x765c2715df9c003b45c703c7982b1633cf98ba9f,Togepinu
0xf2e7dd84cc60c49815032d155804bba940c65813,AzukiCoin
0x4b7f1d1380c1c5879e789bdc28399784fafe2a76,apecastlecontract
0xcf26a0bd42439c282da8a499a927989e217881c3,DwayneInu
0xc719d010b63e5bbf2c0551872cd5316ed26acd83,Etherisc Token
0x009a8670e74e1dda3e449e93a9308e5977949967,CoinToken
0x470ebf5f030ed85fc1ed4c2d36b9dd02e77cf1b7,Temple: TEMPLE Token
0x5350eadf3d1e7c78a62d913c65a7098e6173d6d7,SquidInu
0x5e7cdbe846e7533613ac0953a0b1e527b5ee3084,Predator
0x7dc151447b67136e430adcee185b9fd9bb0a1e12,chadapecontract
0xa54ffd4b92d6ffdc737c3dfce6bf6ef1dcca56f9,ApeBoy
0x8e870d67f660d95d5be530380d0ec0bd388289e1,Paxos: USDP Token
0x6583e3cd9e1e330d6060358d0637fc390d1ec1c8,Hawk
0xfad2152c5ca3029d43c9662ab9d6b6a9785a5b9d,MomoshikiInu
0x21056809721be9ebfb897515f46c61d9d8ed4f6d,ELECTROCHAT
0x9e976f211daea0d652912ab99b0dc21a7fd728e4,MarcoPolo Protocol: MAP Token
0x66f8d711bd3fbffc12f63756b3bb3d6d09c3587a,apegmicontract
0x8ed2fc1d55562a2a6c23c04ecc1ac57f2be6cc1c,ANGERKONG
0x339b3e78031fb2e60b8f229a9364b960da8e770e,Contract Address 0x339b3e78031fb2e60b8f229a9364b960da8e770e
0xfb9880caa5faa9fa843fe1563f1402a547bc4bd5,SzechuanSauceCoin
0xe99bdb2708a367a82925c0a549a07bf328380558,musksumo
0xe0a189c975e4928222978a74517442239a0b86ff,Keys Token: KEYS Token
0xe57425f1598f9b0d6219706b77f4b3da573a3695,BitcoinBR: BTCBR Token
0x2e13c53e2fa6836a049edf4aab3dc021fb3e0a19,Griffin
0xdfc34b500a1bb6af8e738f2db77d658b3d0d76fb,Shiba Don: DON Token
0x3449fc1cd036255ba1eb19d65ff4ba2b8903a69a,Basis Cash: BAC Token
0x6468084dcd8250185b67d0bda68350a989dc35f8,Anthill
0x4d399dd8fbe62c8a9fd0a572e83ffbc5b526d149,muskscontractdanke
0xd81df51797adcecba7fc307a4acecfeb49bc5eda,Contract Address 0xd81df51797adcecba7fc307a4acecfeb49bc5eda
0x36c2514a3dd4f8d7280e7af446140606b858efb7,Contract Address 0x36c2514a3dd4f8d7280e7af446140606b858efb7
0xaf5191b0de278c7286d6c7cc6ab6bb8a73ba2cd6,Stargate Finance: STG Token
0x7271caecd030b4b17549216254a837d5ccb74465,Decypher
0x9321c7683f5d0d6686a763d3c8ac75f9f9d5e5cb,Contract Address 0x9321c7683f5d0d6686a763d3c8ac75f9f9d5e5cb
0x1909b2c2299b1a1ad80a763edc64ac177e30153f,SpaceApe
0xb0c7a3ba49c7a6eaba6cd4a96c55a1391070ac9a,MagicProxy
0xda007777d86ac6d989cc9f79a73261b3fc5e0da0,DAppNode: NODE Token
0x3ebb4a4e91ad83be51f8d596533818b246f4bee1,Signata: SATA Token
0x429881672b9ae42b8eba0e26cd9c73711b891ca5,PICKLE.Finance: PICKLE Token
0x31c2415c946928e9fd1af83cdfa38d3edbd4326f,MADworld: UMAD Token
0x34bf4996cc2e4d206910946c7d07f7a3c4ad31a8,Shibsoldier
0x94733005c993554099876a0855b192fbbd3d4670,OSA
0x6e0c04c4e3ff0b4b873c66e72c32c278c232f557,musksalgo
0xb36329cc547796ddb55c46ef2ee9a3ef605e1864,ELDRING
0x818510d1979368d51bd32c3470c762176d433d85,GILF
0xcf19c76d4848c5e26ab438d8a2ff94316944f0b8,PANDURAI
0xb86fac6223d35188ac88d4dae69112e39a5e52d8,SaveTheOcean
0x2ea2d1586cc5e62d61f399d83b2803c8f4cd83af,Gaslight
0x293dee03523f576d85230b8bac1c8041f8a385a2,GaslightInu
0x761d38e5ddf6ccf6cf7c55759d5210750b5d60f3,Dogelon: ELON Token
0x942cb014baeb7c8b6c3d6c29d734bd3ed82d13b9,Strange
0x44bb2a074c58e160fc86efc395b6dfd3592e7620,The401kProtocol
0x5e02593cce9aa8675dac263dab76ed7e94a3a831,PoggerToken
0xbcd74757b7ab90d5357c376cab3d76ee6efcd391,ShibberToken
0x5ce275085324431a4ba2ec45811e94352e98dc63,ChrisRockInu
0x736532464329e6b469fe7315d1803f7ac104c56c,IHateChris
0x91098b79cb824757a544253109aaf1607ecdc647,APEER
0x849630d9647c1fb78580a6320e053f308c6f09c1,Clan
0x118b189758362772ff70a24965bef72d0bb4952b,TickTock
0xc1d7bdf69c085eb4dd98a6a1142f80d66693c480,SHIBOOK
0xa610f8843882fe4f1a235fdda4281d8fe379ea03,SimonSay
0x2a254becb84ad2504d2c818d4e41bd1e4c7a4101,Kitter
0xa2ddff59c5ab639df6cb2de88de61faccbbf8ebf,Apeoshi: APE$ Token
0x1279df8b9df9242feb69ea06a1786b974f34931c,TLUC
0xf9a241a74c0fb26391e5e9698e188ce7c6dd916c,CULTINOMICS
0x1cc29ee9dd8d9ed4148f6600ba5ec84d7ee85d12,Locker Token: LOCKER Token
0x2648aac76c66b16557352f69553cdf37ba80d056,Doginder
0x71f025713ed23b4cd1763c2f1f6e40eb14bcd19e,SnipingFox
0x0913ddae242839f8995c0375493f9a1a3bddc977,Marshall Rogan Inu: MRI Token
0xb7be3d875690ee38d7197afe0e8083e2ef33761d,KoniToken
0x1a7c76cc9ed711066c17e0b497aabcb084cd5b3e,Rockstar
0x26755e612335b5c52eb80703a1abdf10a4fc069f,MoonKnight
0x9a90cdb023850fef3d9cda818c38fd149fd07a6e,gadfly
0x4f490e1c4847d6013cc81504ba61778b1366be26,QuestToken
0xa64ca89e50dc15361ac27ac747b091e72dc16b38,XDRIVE
0xd2cff0bb0baf3e08152ef1d920d6f1f97703e89e,Contract Address 0xd2cff0bb0baf3e08152ef1d920d6f1f97703e89e
0x6e44c5bfb808363508c3f932bb601b6e83a9a2a9,StonedInu
0x11973f75bad863eb5389d9f209cf9d528c797f0d,ramadan
0x1ee6c4dfc40ba87884e5d5b6f2c4f880fc8ee782,CULTX100
0xb28f5c5eaf2e30ec83e1151fe34e360d0a6da6b7,Engagement
0x873650142aae322253db34d7066b488ff7ef7dfd,LFG
0xa331274fbea9853c4d9e1a58ac5f42235c3e32f4,Temple
0x0b8b2a7e3d2b26affde4d241f1a2cce245674822,Berlin
0x4cb1078f2cb37861129133c38b26018a7eb8cc4c,BROTHERHOOD
0x20296637bb053b3cf528bab1f938ed442a9777c2,Velontine
0x5ec8d21518d305f2a3d871866288bd6e885e81d8,SafePlutoClassic
0xa89859f3e0bbbd3fb05cc89983a4c1f15b61c423,ChocolateMilkToken
0x0000000000085d4780b73119b644ae5ecd22b376,TrueUSD: TUSD Token
0x360399eaad29ccaca1c34272c26bb9e4859c61b7,BreastMilk
0x88a811397be7d64653d0cb320f5094fc64963c31,NukeInu
0x4aa41bc1649c9c3177ed16caaa11482295fc7441,Xfai: XFIT Token
0x7b3860415d1fb670fe8693213c17fc9499b3c0ea,EARTH TOKEN: Earth Token
0xad809b54dc0997c5196b964e180e9bc3fb552ae4,HalloumiETH
0x53d34b05412c69b1e83a7e55dd615a9f81bce418,Shinjadoge
0x3413d4ffa3736ece8d2cc704a69278cd3ca68d15,That
0x15d4c048f83bd7e37d49ea4c83a07267ec4203da,GALA: GALA Token
0xb2585cfe5b9b151441c38e407c10a5d41ba5905b,MagicInternetBread
0xb3d8d8d659d4dc89699826d46585ac6cb3bea05a,SUN Investments: SUN Token
0xd339924dc73c9106e94d3d0370009c9b243bd642,NunchukInu
0x8a743eb80bfc3bf2a5582213aea8b27d2188074a,Selena Inu: SEL Token
0xa693b19d2931d498c5b318df961919bb4aee87a5,Wormhole: UST Token
0xb38c24a43bec877cacdf0527668cc60508eb8455,Contract Address 0xb38c24a43bec877cacdf0527668cc60508eb8455
0x8a594421361abd481ca4ab08bfeef8c68b9fa9fb,FuckMasterDev
0xf5f34818c84c37ebf5d361bb9a41612c52a685f4,Capuccinu
0x6c22a9de265d4a22a46e02c385b5346cf5538429,NOTG
0x371d00d9298f75c5f065208c4b69bf4673c33a31,Honkinu
0xf1fbfdf5b13aa626f7c9cc496eacfe1c92b55c9e,RedditInu
0x903bef1736cddf2a537176cf3c64579c3867a881,Ichi.Farm: ICHI Token
0xfdc4a3fc36df16a78edcaf1b837d3acaaedb2cb4,SCI Finance: SCIFI Token
0xd23ac27148af6a2f339bd82d0e3cff380b5093de,Siren: SI Token
0x2ba592f78db6436527729929aaf6c908497cb200,Cream.Finance: CREAM Token
0x78f95c29a87be736b94a923e748ba6d087c15bcf,HeatherMorganInu
0xefa7f7a91f90df9c29c0ec943fc6595797ac0c96,CYKAToken
0x10b579d7a5ac54a118c8c14d6ce43dc4eb815e3e,Adoptaukrainiangirl
0x7ef790d9bccc87989be0fdb88ffb955bec3d5e92,MUSKITO
0x110800fd48bd351622fb43e21137dc0996e72f27,CoinToken
0x2ef52ed7de8c5ce03a4ef0efbe9b7450f2d7edc9,Revain: REV Token
0xfa5047c9c78b8877af97bdcb85db743fd7313d4a,ROOK : ROOK Token
0xade00c28244d5ce17d72e40330b1c318cd12b7c3,Ambire AdEx: ADX Token
0x78a3b2f1e7eec1073088ea4a193618743f81cef8,OneTokenProxy
0xb620be8a1949aa9532e6a3510132864ef9bc3f82,LendFlareProxy
0x8564653879a18c560e7c0ea0e084c516c62f5653,UpBots: UBXT Token
0x0ae055097c6d159879521c384f1d2123d1f195e6,xDai: STAKE Token
0x523bda548bc08cb432335422c7634fe1db4d4eff,AzukiInu
0x0000000000095413afc295d19edeb1ad7b71c952,Tokenlon: LON Token
0x54a01cc8cce5efaf59c2d02387a461446cc961e1,THECOUNCIL
0x5e74c9036fb86bd7ecdcb084a0673efc32ea31cb,Synthetix: Proxy sETH Token
0x6226caa1857afbc6dfb6ca66071eb241228031a1,Linkart
0x93ed3fbe21207ec2e8f2d3c3de6e058cb73bc04d,Pinakion Token
0x16eccfdbb4ee1a85a33f3a9b21175cd7ae753db4,Router Protocol: ROUTE Token
0x0ec8a1e2a8479c8c7a0809559cf74673960de4fb,CrashINU
0xf65b5c5104c4fafd4b709d9d60a185eae063276c,Truebit: TRU Token
0x34901b641ac50e2f327232d0d560c0e81ae9b76f,$SD
0xbd31ea8212119f94a611fa969881cba3ea06fa3d,Wormhole: LUNA Token
0x419d0d8bdd9af5e606ae2232ed285aff190e711b,FunFair Token
0x8a854288a5976036a725879164ca3e91d30c6a1b,GetToken
0xe76c6c83af64e4c60245d8c7de953df673a7a33d,Railgun: RAIL Token
0x9be89d2a4cd102d8fecc6bf9da793be995c22541,Binance: BBTC Token
0xb5d69fca10a8d62bdaa368b3824cff16097256ea,THESEDAYSTOKEN
0x991658149d63d02702fae71d3f4b2e07e66c7692,BarbarianInu
0x7cb4726a58e431482b7484c4b5aecb99594e8fef,FINDME
0x04f9a9450f0d991571bc16af6a71197c4b0edb9d,RUGRATS
0xe9b1f75f9c7ba8df4e83603b3396a64549b714e6,REMINU
0xf1ca9cb74685755965c7458528a36934df52a3ef,Avinoc.com: AVINOC Token
0xfea52843aa304c63fc50b4550574667c53e9e58e,HOOHOO
0x607f4c5bb672230e8672085532f7e901544a7375,RLC Token
0xdb25f211ab05b1c97d595516f45794528a807ad8,Stasis: EURS Token
0x0698dda3c390ff92722f9eed766d8b1727621df9,TetherToken
0xe80c0cd204d654cebe8dd64a4857cab6be8345a3,JPEGd: JPEG Token
0x573df5109ed46c4257ff4231f2c4d2610ab89f5c,sETH
0x18046c9e7357d79c9fbc31afeea6b81dd6f3df61,SansukumiKen
0x812d9fe7a52a2efda38f1194edebc603d6a4b6a5,BabyFALQOM
0x310e2d5d0e624e54af14ccfc8022143ee0234fb1,AKUMA
0x665fa721f7ea503c26add107da7d2e72606be0d9,MillionBucks
0x34b2fa276123b81b690b857263a129ca840fe9e8,JESUSHOOP
0x992f5df0bcb401aeabfd32fb58556c48c377c8d3,TwitterKing
0x82a5aa784c106ab11e711c8b627e06de02c18da3,ShrineDAO
0xa72035b56eb159be540a6f102169620d99424871,TheMerge
0x3d7e8e3d920fc287c2768835e1a9a012551e53ab,TEMPLES
0xda61f461b0061ba610e869466f33d44b67d0d442,AXIOM
0x5edfb724aa3d5e16a61975046fb4f09693fd6b50,Dozer
0x077837db4bdbc5ffd23874099f18f3fef11ac56e,TEMPLES
0xca496be2088880ab9467e81e0e5f1f82a09e5cf7,Contract Address 0xca496be2088880ab9467e81e0e5f1f82a09e5cf7
0x16395963a3bfb1582a555ae4dc6c3fda4c1cb35b,Contract Address 0x16395963a3bfb1582a555ae4dc6c3fda4c1cb35b
0x4616bbc4a9b34f6c3d205de70487315d026e09ed,Qombat
0xdb6aae922b382862ec29cf4601b63b653bba1678,DDAO
0x53c3df62d82ce4c2fbfc9620df45ee7d661d4716,WhiteRabbit
0xca64ccb1e0ff3dd46a9f308923574cb7b12f17cc,Oblivion
0x5ad0228f2938a266ff15b6957014573fbbc9ec1e,RabbitHole
0xa010e37405eb57437a381daae88e5c3913d0796c,WeAreSatoshi
0x407ffc49c12befb764b34cfa3bfc3691fe91b899,CHEEBAH
0xf86e87bd97c8c088928c10a054db842b16a382b7,SAFARINU
0x6e05a9b52bef5f84f973b741fc604dbe2d91048f,SCINU
0xe300590bbc0328789de9792a3b435bf85938eddf,MIRROR
0xfa3ef8f2b5463dc6064c99c378ae6aeba44f1e71,CMIYC
0x8f68db8679c3c59a2a9a394f97213c2adaa35233,RamenExpress
0xc7ba0957d07209aedf9816e5ea3316286d6d2c93,Contract Address 0xc7ba0957d07209aedf9816e5ea3316286d6d2c93
0xf9cfc912707e183cabc45775c4d0da6dc7a828f5,kyuub
0x043e720812e119eac1c530eb45176d58abf4d2e1,GCULT
0xf6ec87dfe1ed3a7256cc0c38e3c8139103e9af3b,MvsToken
0x9e32b13ce7f2e80a01932b42553652e053d6ed8e,Metis Andromeda: Metis Token
0x9da30d452b12c55c2e8978530198aecc6d63dc68,SANINBURN
0x71231c20872ce06e4b1a46ccaf823b89ec741c05,CICADA
0x0745a5b528fe79d471b38fd6550be06fb37bfbbc,KOREANLIQUIDATEDGUYINU
0x5ea5b125399b5e59887b67724bc3b2d03c129be6,ErenYeager
0xd57e7828259a37fd0b332e91575e45005d54c145,LSD
0xf70328d6adc2c3b95c056c2b3d88e02205ea4750,Contract Address 0xf70328d6adc2c3b95c056c2b3d88e02205ea4750
0xa3a742c62611a913b389b705984bea08f78357b0,BURNOBI
0x213035d59907c40e1da7e38b16690c919c95b918,ZoroInu
0xb3ca195613cc9b39de0aea95e9b32ba64192eea3,Contract Address 0xb3ca195613cc9b39de0aea95e9b32ba64192eea3
0x17178f03bba087601fc16dea05a4452a3b2eff11,Ti
0x9e5f3f92b728cfc4a9d7c1cc12d0a75678af54cd,TheElite
0x09a420120aafab5438bd56c1790f6fc95b0760be,TUNGSTEN
0x0571fa5dfe71964d20c9dac14b7d6ab01735e95f,Shillionaire
0xaaaebe6fe48e54f431b0c390cfaf0b017d09d42d,Celsius Network: CEL Token
0x41a608d50dd254cf3204506f8b30f52afa9df767,IROHINU
0x6d06aa1e471de7d7b4d7810d1ef57fba6c35d898,SHAPE
0xc4670bd1b3223e236b481683ddbcbf1234a85a4d,Fergus
0x07a45346d665a4f6a5930af81adefac3157b933c,COE
0x4206931337dc273a630d328da6441786bfad668f,Dogecoin
0x402c250230ce96156a9c335223a52c6a76771215,BerylBit
0x383b0b2ce2e1757b5e1d087d8f36013ea595541a,Heal The World: HEAL Token
0x9d409a0a012cfba9b15f6d4b36ac57a46966ab9a,yearn: yvBOOST Vault
0xa32a2a1c1ba1da9913583dff3ea361074123eca5,DogeCorleone
0x20ef0a6c881dbf96800b48a1bab808ff1abf957d,SISToken
0x466e133f25f3ab832480a3167d2061ada56eddd0,KRISTEN
0x3dd98c8a089dbcff7e8fc8d4f532bd493501ab7f,Gala Games: TOWN Token
0x371709ae8413ce755dc7ec5aec061700509c5a9e,KevTAMA
0x62cad8cd85d41420cbd01d9339786d67df463f61,DaddyToken
0x27d440fd6d8f7a5848bb73e9df40fa836b3a8a19,Kyubi
0x5dbbe7e8a18e79e201e32573d560c7c463a0b7ed,GivingShib
0xef075bbfd0361cc2fbf41a8bc4a14e21ad45551c,HommieCoin
0x7dd880e06897e3d735e840dc5948cd0abde75dc8,Contract Address 0x7dd880e06897e3d735e840dc5948cd0abde75dc8
0x7148a6467ec9b59a4a1e0e0cbcd24c847a4ddbe6,RiddleToken
0xe53ec727dbdeb9e2d5456c3be40cff031ab40a55,SuperFarm: SUPER Token
0x6cbdb562315818766a1064be01fbacfe0581a14e,LOVU
0x8f693ca8d21b157107184d29d398a8d082b38b76,Streamr: DATA Token
0x4fabb145d64652a948d72533023f6e7a623c7c53,Binance USD
0xf0dcf53a48b6ae4b966dc6142368a7ff97f817f1,UNITE
0x92d6c1e31e14520e676a687f0a93788b716beff5,dYdX: DYDX Token
0x3e9bc21c9b189c09df3ef1b824798658d5011937,Linear Finance: LINA Token
0x626e8036deb333b408be468f951bdb42433cbf18,AIOZ Network: AIOZ Token
0x767fe9edc9e0df98e07454847909b5e959d7ca0e,Illuvium: ILV Token
0x744d70fdbe2ba4cf95131626614a1763df805b9e,Status Network Token
0xba5bde662c17e2adff1075610382b9b691296350,SuperRare: RARE Token
0x09b026f1b3ffdde67717cf68b5a4d51b8d60a3c4,SuperSoldierInu
0x87efe7efe26c52508e0ea795ddd9fafd58b618fe,GDCO
0xacb192f74c94fb86ece5fd6d34b42033f3ccce9a,HOPEINU
0x04fa0d235c4abf4bcf4787af4cf447de572ef828,UMA: UMA Token
0xdd847d53964cf603d8f7b3cb22b781abd27179ca,ByeBear
0xcf97f7ba29dc39dd47b5af86fd0f3d7995765e31,Madara
0x452c5367284f94ddc3683d544318f5a64ce76eac,HOSPITALINU
0xa61dc67221cc6e87984f0b42f6fc9178467af0b1,ExaDarkSiderael
0xb56e108a689eefd1286cf80fa5d6abb5f5953ec5,KonniInu
0x2fb49c0b8cbe813665a33781fe5238f0a3f4c1d1,EXADARK
0x341681095d0519773f0263f490753342c980693b,Shibario
0x136578f43920aee6f4a375743e16c8598346c770,NationalHoldersLeague
0x16f385ba21ab9ce2557a6707eae76b2575964e21,Contract Address 0x16f385ba21ab9ce2557a6707eae76b2575964e21
0x1c5db575e2ff833e46a2e9864c22f4b22e0b37c2,Ren: renZEC Token
0xd0af2f8f1ece2599e9a03b5e7b432f0db9fd65d0,kungfuPanda
0x178c820f862b14f316509ec36b13123da19a6054,Energy Web: EWTB Token
0x62474216ecb8ced5f63427bc88298fd6932f90e4,KongShib
0xcb5d0bbb976037c9a25b8e563ba03f9735e4234c,ShiBurn
0x4666cb3e3c082ebba3d6ad79b2673d7115971a89,ShibKong
0x6a8517e81a44b81f634a68560400ce66eef9ea58,SUSHIBA
0x4bd329965cfd90c2f0179a21fe0f1560bd66bd99,HarukaInu
0x4b296eea06e5ac55dcde264d6f7f34de13a600b2,ZogInu
0x45d1bc3e7680acb3736cf8a528ae79bd00414dbf,UltimateFomoClub
0x549e056860b1edcb33458cc9759cc18a97dd8864,Shinkong
0x209e68b31c10a0485c8b736d72d69a7c8a8ca2af,CryptosPlayground
0x0bb167ac565f3df264bd3782095168f72a350c9a,ElonaMars
0x6b91159babbf06a334d12dbd0559eeeb7f289390,SpacexElonA
0xa7c41ce915ef942f0e94d23006ae493c2808ebaa,HANGRY
0xfc950681d605fd3ddd0a11c9a92d88e9281e90ce,ElonVsPutin
0xf114fe1e0fcf562fe4c92fe08b80fa60d3d7cd7b,KongInu
0xdf69ccc8e334df9514b79e6a69a645e598ef2454,catfu
0x6ec2141d8255bc9ef64dff032221ae15a8dadef2,mckongcontract
0xd2877702675e6ceb975b4a1dff9fb7baf4c91ea9,Terra: LUNC Token
0x0258f474786ddfd37abce6df6bbb1dd5dfc4434a,Orion Protocol: ORN Token
0x70e8de73ce538da2beed35d14187f6959a8eca96,StraitsX: XSGD Token
0x38a94e92a19e970c144ded0b2dd47278ca11cc1f,Falcon 9: F9 Token
0x65ef703f5594d2573eb71aaf55bc0cb548492df4,Multichain: MULTI Token
0x6de037ef9ad2725eb40118bb1702ebb27e4aeb24,Render : RNDR Token
0x6bba316c48b49bd1eac44573c5c871ff02958469,Gas DAO: GAS Token
0xa0246c9032bc3a600820415ae600c6388619a14d,Harvest.Finance: FARM Token
0xd5d86fc8d5c0ea1ac1ac5dfab6e529c9967a45e9,NFT Worlds: WRLD Token
0x1776e1f26f98b1a5df9cd347953a26dd3cb46671,Numeraire Token
0xf0f9d895aca5c8678f706fb8216fa22957685a13,Cult Dao: CULT Token
0x000000007a58f5f58e697e51ab0357bc9e260a04,Concave: CNV Token
0x71018cc3d0ccdc7e10c48550554ce4d4e3afd9c1,CHURCH
0x4e4a47cac6a28a62dcc20990ed2cda9bc659469f,ShitCoin
0xa2881f7f441267042f9778ffa0d4f834693426be,The HUSL: HUSL Token
0x430ef9263e76dae63c84292c3409d61c598e9682,PYRToken
0x08d967bb0134f2d07f7cfb6e246680c53927dd30,Math Global: MATH Token
0x1a76bffd6d1fc1660e1d0e0552fde51ddbb120cf,Realio Network LTD: RST Token
0xf21661d0d1d76d3ecb8e1b9f1c923dbfffae4097,Realio Network LTD: RIO Token
0x7ae0d42f23c33338de15bfa89c7405c068d9dc0a,Shibaverse: VERSE Token
0x1bbf25e71ec48b84d773809b4ba55b6f4be946fb,Vow: VOW Token
0xfca59cd816ab1ead66534d82bc21e7515ce441cf,Rarible: RARI Token 1
0xf3b9569f82b18aef890de263b84189bd33ebe452,StandardERC20
0x7d5121505149065b562c789a0145ed750e6e8cdd,VICTORIA VR: VR Token
0xd528cf2e081f72908e086f8800977df826b5a483,Paribus: PBX Token
0xeca82185adce47f39c684352b0439f030f860318,PerlinX: PERL Token
0xb8baa0e4287890a5f79863ab62b7f175cecbd433,Swerve.fi: SWRV Token
0xb2089a7069861c8d90c8da3aacab8e9188c0c531,Green
0x0d438f3b5175bebc262bf23753c1e53d03432bde,Wrapped NXM: wNXM Token
0x3845badade8e6dff049820680d1f14bd3903a5d0,The Sandbox: SAND Token
0x892a6f9df0147e5f079b0993f486f9aca3c87881,Unification: xFUND Token
0x0954906da0bf32d5479e25f46056d22f08464cab,Index Coop: INDEX Token
0xc834fa996fa3bec7aad3693af486ae53d8aa8b50,Convergence: CONV Token
0xcfeb09c3c5f0f78ad72166d55f9e6e9a60e96eec,vEmpire DDAO: VEMP Token
0x243cacb4d5ff6814ad668c3e225246efa886ad5a,Shina: SHI Token
0xb05097849bca421a3f51b249ba6cca4af4b97cb9,Float Protocol: FLOAT Token
0xeff3f1b9400d6d0f1e8805bdde592f61535f5ecd,Squawk Finance: SQUAWK Token
0x4c19596f5aaff459fa38b0f7ed92f11ae6543784,TrustToken: TRU Token
0xb64ef51c888972c908cfacf59b47c1afbc0ab8ac,Storj Token
0x55296f69f40ea6d20e478533c15a6b08b654e758,XYO Foundation: XYO Token
0x8ab7404063ec4dbcfd4598215992dc3f8ec853d7,Akropolis: AKRO Token
0x7a5d3a9dcd33cb8d527f7b5f96eb4fef43d55636,RadioToken
0x8e6cd950ad6ba651f6dd608dc70e5886b1aa6b24,StarLink: STARL Token
0x584bc13c7d411c00c01a62e8019472de68768430,Hegic: HEGIC Token
0x2b915b505c017abb1547aa5ab355fbe69865cc6d,Maps.me: MAPS Token
0x38e4adb44ef08f22f5b5b76a8f0c2d0dcbe7dca1,PowerPool.Finance: CVP Token
0x374cb8c27130e2c9e04f44303f3c8351b9de61c1,Bao Finance: BAO Token
0x3aada3e213abf8529606924d8d1c55cbdc70bf74,0xmons: XMON Token
0x4fe83213d56308330ec302a8bd641f1d0113a4cc,NuCypher: NU Token
0xe28b3b32b6c345a34ff64674606124dd5aceca30,Injective Protocol: INJ Token
0x16cc8367055ae7e9157dbcb9d86fd6ce82522b31,Voxel X Network: VXL Token
0x27054b13b1b798b345b591a4d22e6562d47ea75a,AirSwap: AST Token
0x0763fdccf1ae541a5961815c0872a8c5bc6de4d7,Citizens Reserve: SUKU Token
0x7d29a64504629172a429e64183d6673b9dacbfce,VectorspaceAI Token
0x71a28feaee902966dc8d355e7b8aa427d421e7e0,Tickets
0xa0b73e1ff0b80914ab6fe0444e65848c4c34450b,Cronos Coin: CRO Token
0xe88f8313e61a97cec1871ee37fbbe2a8bf3ed1e4,Sora: VAL Token
0x40fd72257597aa14c7231a7b1aaa29fce868f677,Sora: XOR Token
0x87de305311d5788e8da38d19bb427645b09cb4e5,Verox: VRX Token
0x6dea81c8171d0ba574754ef6f8b412f2ed88c54d,Liquity: LQTY Token
0xa1d0e215a23d7030842fc67ce582a6afa3ccab83,YFII.finance: YFII Token
0x1796ae0b0fa4862485106a0de9b654efe301d0b2,Polychain Monsters: PMON Token
0xc669928185dbce49d2230cc9b0979be6dc797957,BitTorrent Chain: BTT Token
0xff20817765cb7f73d4bde2e66e067e58d11095c2,Amp: AMP Token
0x0391d2021f89dc339f60fff84546ea23e337750f,BarnBridge: BOND Token
0xf411903cbc70a74d22900a5de66a2dda66507255,Verasity: VRA Token
0x5c147e74d63b1d31aa3fd78eb229b65161983b2b,Flow: WFLOW Token
0x77777feddddffc19ff86db637967013e6c6a116c,Tornado.Cash: TORN Token
0x579cea1889991f68acc35ff5c3dd0621ff29b0c9,Everipedia: IQ Token
0xb753428af26e81097e7fd17f40c88aaa3e04902c,Saffron: SFI Token
0xd99793a840cb0606456916d1cf5ea199ed93bf97,FvckTheSystem
0x53fd2342b43ecd24aef1535bc3797f509616ce8c,Anarchy
0x618e75ac90b12c6049ba3b27f5d5f8651b0037f6,QASH Token
0xfb130d93e49dca13264344966a611dc79a456bc5,DogeGF: DOGEGF Token
0xa8b919680258d369114910511cc87595aec0be6d,LUKSO: LYXe Token
0xd33b79f237508251e5740c5229f2c8ea47ee30c8,TORCH
0x295b42684f90c77da7ea46336001010f2791ec8c,Xi Protocol: XI Token
0xaa7a9ca87d3694b5755f213b5d04094b8d0f0a6f,Origin Trail: TRAC Token
0x44709a920fccf795fbc57baa433cc3dd53c44dbe,DappRadar: RADAR Token
0x467bccd9d29f223bce8043b84e8c8b282827790f,Telcoin: TEL Token
0x7c8155909cd385f120a56ef90728dd50f9ccbe52,nahmii: NII Token
0xb6ca7399b4f9ca56fc27cbff44f4d2e4eef1fc81,VeryNifty: MUSE Token
0xce3f08e664693ca792cace4af1364d5e220827b2,Saitama: SAITAMA Token
0x5ca381bbfb58f0092df149bd3d243b08b9a8386e,MXC: MXC Token
0x8888801af4d980682e47f1a9036e589479e835c5,88mph: MPH Token
0x77f9cf0bd8c500cffdf420e72343893aecc2ec0b,Laika: LAIKA Token
0x97a9bac06f90940bce9caec2b880ff17707519e4,Minato DAO: MNTO Token
0x88536c9b2c4701b8db824e6a16829d5b5eb84440,UniversalERC20Token
0xeec2be5c91ae7f8a338e1e5f3b5de49d07afdc81,Dopex: DPX Token
0x993864e43caa7f7f12953ad6feb1d1ca635b875f,SingularityDAO: SDAO Token
0x9c4a4204b79dd291d6b6571c5be8bbcd0622f050,Tracer DAO: Old TCR Token
0xe0ad1806fd3e7edf6ff52fdb822432e847411033,OnX Finance: ONX Token
0x0c7d5ae016f806603cb1782bea29ac69471cab9c,Bifrost: BFC Token
0xd8912c10681d8b21fd3742244f44658dba12264e,Pluton Token
0x9040e237c3bf18347bb00957dc22167d0f2b999d,Standard Protocol: STND Token
0x46e98ffe40e408ba6412beb670507e083c8b95ff,Primate: PRIMATE Token
0xa80f2c8f61c56546001f5fc2eb8d6e4e72c45d4c,UniqueUtilityToken
0x473037de59cf9484632f4a27b509cfe8d4a31404,GreenSatoshiToken
0x111111517e4929d3dcbdfa7cce55d30d4b6bc4d6,ICHI: ICHI Token
0x050d94685c6b0477e1fc555888af6e2bb8dfbda5,Inu.: INU Token
0xb26c4b3ca601136daf98593feaeff9e0ca702a8d,Aladdin Club: ALD Token
0x8400d94a5cb0fa0d041a3788e395285d61c9ee5e,Unibright: UBT Token
0x6c6ee5e31d828de241282b9606c8e98ea48526e2,Holo: HOT Token
0xaa6e8127831c9de45ae56bb1b0d4d4da6e5665bd,Index Coop: ETH 2x Flexible Leverage Index
0x2d94aa3e47d9d5024503ca8491fce9a2fb4da198,Bankless DAO: BANK Token
0xbb0e17ef65f82ab018d8edd776e8dd940327b28b,Axie Infinity: AXS Token
0x5218e472cfcfe0b64a064f055b43b4cdc9efd3a6,UnFederalReserve: eRSDL Token
0x7bef710a5759d197ec0bf621c3df802c2d60d848,SPLYT SHOPX: SHOPX Token
0xdd974d5c2e2928dea5f71b9825b8b646686bd200,Kyber: Old KNC Token
0x49e833337ece7afe375e44f4e3e8481029218e5c,Value DeFi Protocol: VALUE Token
0xc5102fe9359fd9a28f877a67e36b0f050d81a3cc,Hop: HOP Token
0xcc8fa225d80b9c7d42f96e9570156c65d6caaa25,Axie Infinity: SLP Token
0x2e1e15c44ffe4df6a0cb7371cd00d5028e571d14,Mettalex: MTLX Token
0xaea46a60368a7bd060eec7df8cba43b7ef41ad85,Fetch.ai: FET Token
0x12bb890508c125661e03b09ec06e404bc9289040,RACAV2Token
0x0fd10b9899882a6f2fcb5c371e17e70fdee00c38,Pundi X: PUNDIX Token
0x01ba67aac7f75f647d94220cc98fb30fcc5105bf,Lyra Finance: LYRA Token
0x16631e53c20fd2670027c6d53efe2642929b285c,Safemoon: pSAFEMOON Token
0x7825e833d495f3d1c28872415a4aee339d26ac88,pTokens TLOS: TLOS Token
0x33d0568941c0c64ff7e0fb4fba0b11bd37deed9f,Ramp Defi: RAMP Token
0xc6bdb96e29c38dc43f014eed44de4106a6a8eb5f,Inu Inu: INUINU Token
0x038a68ff68c393373ec894015816e33ad41bd564,Glitch Finance: GLCH Token
0xcdca1b81dbb543baa92c97b701396cd3ba315e5d,Shuey Rhon Inu: SHUEY Token
0x4bd70556ae3f8a6ec6c4080a0c327b24325438f3,Hxro Token
0x525a8f6f3ba4752868cde25164382bfbae3990e1,NYM: NYM Token
0x8fc8f8269ebca376d046ce292dc7eac40c8d358a,DFI
0x320623b8e4ff03373931769a31fc52a4e78b5d70,Reserve Rights: RSR Token
0x961c8c0b1aad0c0b10a51fef6a867e3091bcef17,DeFi Yield Protocol: DYP Token
0x054d64b73d3d8a21af3d764efd76bcaa774f3bb2,Plasma: PPAY Token
0x1e4ede388cbc9f4b5c79681b7f94d36a11abebc9,X2Y2: X2Y2 Token
0x5b52bfb8062ce664d74bbcd4cd6dc7df53fd7233,ZENIQ: ZENIQ Token
0x1c7e83f8c581a967940dbfa7984744646ae46b29,The Random Dao: RND Token
0x9ab7bb7fdc60f4357ecfef43986818a2a3569c62,GuardiansToken
0x30b2de4a95f397545c6509402f235b1be0fa9a14,PreludeOfTheNight
0x03352d267951e96c6f7235037c5dfd2ab1466232,OneTokenProxy
0xc770eefad204b5180df6a14ee197d99d808ee52d,ShapeShift: FOX Token
0x875773784af8135ea0ef43b5a374aad105c5d39e,Idle.finance: IDLE Token
0x544c42fbb96b39b21df61cf322b5edc285ee7429,InsurAce Protocol: INSUR Token
0x85eee30c52b0b379b046fb0f85f4f3dc3009afec,Keep: KEEP Token
0x6f80310ca7f2c654691d1383149fa1a57d8ab1f8,Silo: Silo Token
0x92e187a03b6cd19cb6af293ba17f2745fd2357d5,Unit Protocol: DUCK Token
0xccc8cb5229b0ac8069c51fd58367fd1e622afd97,GODS
0x221657776846890989a759ba2973e427dff5c9bb,Augur: REPv2 Token
0x84fa8f52e437ac04107ec1768764b2b39287cb3e,Grove: GVR Token
0x4abb9cc67bd3da9eb966d1159a71a0e68bd15432,KelVPN: KEL Token
0x26c8afbbfe1ebaca03c2bb082e69d0476bffe099,Cellframe: CELL Token
0x725c263e32c72ddc3a19bea12c5a0479a81ee688,Bridge Mutual: BMI Token
0x21381e026ad6d8266244f2a583b35f9e4413fa2a,Formation Finance: FORM Token
0x2602278ee1882889b946eb11dc0e810075650983,Vader Protocol: VADER Token
0xdacd69347de42babfaecd09dc88958378780fb62,Atari: ATRI Token
0x595832f8fc6bf59c85c527fec3740a1b7a361269,PowerLedgerToken
0x28cb7e841ee97947a86b06fa4090c8451f64c0be,YFLink
0xebf2096e01455108badcbaf86ce30b6e5a72aa52,StraitsX: XIDR Token
0xa1d65e8fb6e87b60feccbc582f7f97804b725521,DXDao: DXD Token
0xeef9f339514298c6a857efcfc1a762af84438dee,Hermez Network: HEZ Token
0xa1d6df714f91debf4e0802a542e13067f31b8262,RedFox Labs: RFOX Token
0xc57d533c50bc22247d49a368880fb49a1caa39f7,PowerTrade: PTF Token
0x80fb784b7ed66730e8b1dbd9820afd29931aab03,Aave: LEND Token
0x9f9c8ec3534c3ce16f928381372bfbfbfb9f4d24,GraphLinq : GLQ Token
0xef3a930e1ffffacd2fc13434ac81bd278b0ecc8d,StaFi: FIS Token
0xc82eb6dea0c93edb8b697b89ad1b13d19469d635,RFISToken
0xba9d4199fab4f26efe3551d490e3821486f135ba,SwissBorgToken
0x31429d1856ad1377a8a0079410b297e1a9e214c2,Angle Protocol: ANGLE Token
0xb4d930279552397bba2ee473229f89ec245bc365,MahaDAO: MAHA Token
0x2b89bf8ba858cd2fcee1fada378d5cd6936968be,Secret Network: WSCRT Token
0x3e5d9d8a63cc8a88748f229999cf59487e90721e,MetalSwap: XMT Token
0xd084b83c305dafd76ae3e1b4e1f1fe2ecccb3988,Terra Virtua: TVK Token
0x0fc6c0465c9739d4a42daca22eb3b2cb0eb9937a,VSCToken
0xb9eefc4b0d472a44be93970254df4f4016569d27,DigitalBits Token
0xbf0f3ccb8fa385a287106fba22e6bb722f94d686,Zytara: ZUSD Token
0xe41d2489571d322189246dafa5ebde1f4699f498,0x: ZRX Token
0xaf9f549774ecedbd0966c52f250acc548d3f36e5,Rio DeFi: RFuel Token
0xbc19712feb3a26080ebf6f2f7849b417fdd792ca,BoringDAO: BORING Token
0x1a4b46696b2bb4794eb3d4c26f1c55f9170fa4c5,BitDAO: BIT Token
0x0abdace70d3790235af448c88547603b945604ea,District0x Token
0x34f0915a5f15a66eba86f6a58be1a471fb7836a7,PulseDogecoin: PLSD Token
0xec4325f0518584f0774b483c215f65474eabd27f,ICHI: oneBTC Token
0x0aee8703d34dd9ae107386d3eff22ae75dd616d1,Tranche Finance: SLICE Token
0x68cfb82eacb9f198d508b514d898a403c449533e,Credmark: CMK Token
0x7f39c581f595b53c5cb19bd0b3f8da6c935e2ca0,Lido: wstETH Token
0x0cec1a9154ff802e7934fc916ed7ca50bde6844e,PoolTogether: POOL Token
0xfea300256736dc102f63552303a5b0995b15f79e,BridgedEchelon
0xfe3e6a25e6b192a42a44ecddcd13796471735acf,Reef Finance: REEF Token
0xd417144312dbf50465b1c641d016962017ef6240,Covalent: CQT Token
0x917b78b76ca7fd68e9b6e4b1ebfcb13cc0fb4650,vApe
0x8290d7a64f25e6b5002d98367e8367c1b532b534,OneTokenProxy
0x3c03b4ec9477809072ff9cc9292c9b25d4a8e6c6,PolkaCover: CVR Token
0x57b946008913b82e4df85f501cbaed910e58d26c,Marlin: POND Token
0x7778360f035c589fce2f4ea5786cbd8b36e5396b,OpenOcean: OOE Token
0xeb58343b36c7528f23caae63a150240241310049,Nimbus Platform: NBU Token
0x639ae8f3eed18690bf451229d14953a5a5627b72,Nimbus Governance Token: GNBU Token
0x38d9eb07a7b8df7d86f440a4a5c4a4c1a27e1a08,bloXmove: BLXM Token
0x9b9087756eca997c5d595c840263001c9a26646d,Dogefi Army: DOGEFI Token
0x3fa729b4548becbad4eab6ef18413470e6d5324c,Mover: MOVE Token
0x50de6856358cc35f3a9a57eaaa34bd4cb707d2cd,Razor Network: RAZOR Token
0x8287c7b963b405b7b8d467db9d79eec40625b13a,Swingby: SWINGBY Token
0x817bbdbc3e8a1204f3691d14bb44992841e3db35,Cudos: CUDOS Token
0xf8e9f10c22840b613cda05a0c5fdb59a4d6cd7ef,DoEToken
0xda86006036540822e0cd2861dbd2fd7ff9caa0e8,TubeToken
0xeeeeeb57642040be42185f49c52f7e9b38f8eeee,Elk Finance: ELK Token
0x5b7533812759b45c2b44c19e320ba2cd2681b542,SingularityNET: AGIX Token
0xfa14fa6958401314851a17d6c5360ca29f74b57b,Saito: SAITO Token
0xdf2c7238198ad8b389666574f2d8bc411a4b7428,Hifi Finance: MFT Token
0x491604c0fdf08347dd1fa4ee062a822a5dd06b5d,Cartesi: CTSI Token
0x91dfbee3965baaee32784c2d546b7a0c62f268c9,BondlyToken
0x9393fdc77090f31c7db989390d43f454b1a6e7f3,DarkEnergyCrystals
0x965697b4ef02f0de01384d0d4f9f782b1670c163,oxygen: OXY Token
0xa1faa113cbe53436df28ff0aee54275c13b40975,Alpha Finance Lab: ALPHA Token
0x9da25451531f594ec866c543d2c8eff32a87181d,ALTAToken
0xf99d58e463a2e07e5692127302c20a191861b4d6,AnySwap: ANY Token
0x3d658390460295fb963f54dc0899cfb1c30776df,Cov.al: Coval Token
0xfbeea1c75e4c4465cb2fccc9c6d6afe984558e20,DuckDaoDime: DDIM Token
0x7c84e62859d0715eb77d1b1c4154ecd6abb21bec,ShpingCoin
0xeeaa40b28a2d1b0b08f6f97bb1dd4b75316c6107,CVI Finance: GOVI Token
0x87d73e916d7057945c9bcd8cdd94e42a6f47f776,NFTX: NFTX Token
0xa91ac63d040deb1b7a5e4d4134ad23eb0ba07e14,Bella: BEL Token
0x73d7c860998ca3c01ce8c808f5577d94d545d1b4,IX Swap: IXS Token
0x9275e8386a5bdda160c0e621e9a6067b8fd88ea2,NOBUNAGA: NBNG Token
0xae1eaae3f627aaca434127644371b67b18444051,YOP: YOP Token
0x8185bc4757572da2a610f887561c32298f1a5748,Aluna.Social: ALN Token
0x6b4c7a5e3f0b99fcd83e9c089bddd6c7fce5c611,Million: MM Token
0x34950ff2b487d9e5282c5ab342d08a2f712eb79f,Efforce: WOZX Token
0x4b7ee45f30767f36f06f79b32bf1fca6f726deda,Gemini: eFIL Token
0x0aacfbec6a24756c20d41914f2caba817c0d8521,Yam.Finance: YAM Token
0x5dbcf33d8c2e976c6b560249878e6f1491bca25c,yearn: yCRV Vault
0x9f52c8ecbee10e00d9faaac5ee9ba0ff6550f511,Sipher: SIPHER Token
0xf8c3527cc04340b208c854e985240c02f7b7793f,Frontier: FRONT Token
0x94e0bab2f6ab1f19f4750e42d7349f2740513ad5,Unicly: UNIC Token
0x68b1cadb8d5ab0c97fe9d9fbe0eb60acb329fe3f,Unicly Mystic Axies Collection: uAXIE Token
0x2e922f84ec5bb9cedfbb1a99543b143aa43d94b6,ThreeOh DAO: 3OH Token
0x5f018e73c185ab23647c82bd039e762813877f0e,ShackToken
0xec213f83defb583af3a000b1c0ada660b1902a0f,Presearch: PRE Token
0x6fb3e0a217407efff7ca062d46c26e5d60a14d69,IoTeX Network Token
0x86ed939b500e121c0c5f493f399084db596dad20,SpaceChainV2: SPC Token
0x4a5b3d0004454988c50e8de1bcfc921ee995ade3,Equilibria: wXEQ Token
0x2370f9d504c7a6e775bf6e14b3f12846b594cd53,JPY Coin: JPYC Token
0xadd5e881984783dd432f80381fb52f45b53f3e70,Vite: VITE Token
0x0e7f502e5e4fba9c65c59989b68d31e5f5093f50,VSCToken
0xa0335820dc549dbfae5b8d691331cadfca7026e0,TokenMintERC20Token
0x217ddead61a42369a266f1fb754eb5d3ebadc88a,Don-key Finance: DON Token
0xcd4562425f5392f642dd56d1c967d9c35b5a83a8,Contract Address 0xcd4562425f5392f642dd56d1c967d9c35b5a83a8
0x50d1c9771902476076ecfc8b2a83ad6b9355a4c9,FTX: FTT Token
0xaac41ec512808d64625576eddd580e7ea40ef8b2,Gameswap: GSWAP Token
0x155ff1a85f440ee0a382ea949f24ce4e0b751c65,Behodler: EYE Token
0x99ea4db9ee77acd40b119bd1dc4e33e1c070b80d,Quantstamp
0x3f5294df68f871241c4b18fcf78ebd8ac18ab654,ERC2099starz
0x2c9aceb63181cd08a093d052ec041e191f229692,AngryToken
0x05d3606d5c81eb9b7b18530995ec9b29da05faba,TomoChain: TOMOE Token
0x8df586aa346c3d9d1c99a21316a2735d71355ec8,Wall Street Bets DEX: WSB Token
0x32a7c02e79c4ea1008dd6564b35f131428673c41,Crust Network: CRU Token
0x066798d9ef0833ccc719076dab77199ecbd178b0,SakeSwap.Finance: SAKE Token
0x630d98424efe0ea27fb1b3ab7741907dffeaad78,PEAKDEFI: PEAK Token
0x69fa0fee221ad11012bab0fdb45d444d3d2ce71c,Thorstarter: XRUNE Token
0x84d821f7fbdd595c4c4a50842913e6b1e07d7a53,BNPL Pay: BNPL Token
0xbbbbca6a901c926f240b89eacb641d8aec7aeafd,Loopring: LRC Token
0x5c56c86ae42ddee99c3b46cc1d78ba4761080d86,AYogisJoy
0x0488401c3f535193fa8df029d9ffe615a06e74e6,SparkPoint Token
0xe516d78d784c77d479977be58905b3f2b1111126,Bitspawn: SPWN Token
0x5d285f735998f36631f678ff41fb56a10a4d0429,MixMarvel Token
0x1f6b579a672590ab6115de803ee4bc81ec4e79f1,BaseToken
0xc221b7e65ffc80de234bbb6667abdd46593d34f0,Wrapped Centrifuge: wCFG Token
0x43a96962254855f16b925556f9e97be436a43448,HORD: HORD Token
0x84ca8bc7997272c7cfb4d0cd3d55cd942b3c9419,DIA Data: DIA Token
0x47da5456bc2e1ce391b645ce80f2e97192e4976a,Pl^g: PLUG Token
0x667102bd3413bfeaa3dffb48fa8288819e480a88,TokenizeXchange Token
0x32e6c34cd57087abbd59b5a4aecc4cb495924356,BitBase: BTBS Token
0xf9a2d7e60a3297e513317ad1d7ce101cc4c6c8f6,Realio Network LTD: rUSD Token
0xb1f66997a5760428d3a87d68b90bfe0ae64121cc,LuaSwap: LUA Token
0x9b83f827928abdf18cf1f7e67053572b9bceff3a,Artem: ARTEM Token
0xf08137e54a81ba8bc9468ae13c2c0b1dc31f2fde,BitberrySwap
0xee06a81a695750e71a662b51066f2c74cf4478a0,dgToken
0xfc979087305a826c2b2a0056cfaba50aad3e6439,Dafi Protocol: DAFI Token
0x4db2c02831c9ac305ff9311eb661f80f1df61e07,ICHI: oneICHI Token
0x94a7f270cd12545a277e656266aef5e27df3eb28,CrossChainSTREAM
0x15f0eedf9ce24fc4b6826e590a8292ce5524a1da,Smatoos: DENA Token
0xcc4304a31d09258b0029ea7fe63d032f52e44efe,AdminUpgradeabilityProxy
0x8052327f1baf94a9dc8b26b9100f211ee3774f54,A2DAO: ATD Token
0xe63684bcf2987892cefb4caa79bd21b34e98a291,Chicken Finance: KFC Token
0x1337def16f9b486faed0293eb623dc8395dfe46a,Armor.fi: ARMOR Token
0x6781a0f84c7e9e846dcb84a9a5bd49333067b104,ZAP Token
0x5732046a883704404f284ce41ffadd5b007fd668,BluzelleToken
0x419c4db4b9e25d6db2ad9691ccb832c8d9fda05e,Dragon Chain Token
0x35a532d376ffd9a705d0bb319532837337a398e7,Yobit: WDOGE Token
0x7671904eed7f10808b664fc30bb8693fd7237abf,Bitberry Finance: BBR Token
0x695106ad73f506f9d0a9650a78019a93149ae07c,Bitbns: Old BNS Token
0x674c6ad92fd080e4004b2312b45f796a192d27a0,Neutrino: USDN Token
0x45804880de22913dafe09f4980848ece6ecbaf78,Paxos Gold: PAXG Token
0xe1406825186d63980fd6e2ec61888f7b91c4bae4,Strudel Finance: VBTC Token
0xa91c82b6933105c23298e631a0c1be751d239162,TokenMintERC20Token
0x8b79656fc38a04044e495e22fad747126ca305c4,AgaveCoin: AGVC Token
0x0d86eb9f43c57f6ff3bc9e23d8f9d82503f0e84b,Maximus: MAXI Token
0x9b31bb425d8263fa1b8b9d090b83cf0c31665355,Coinspaid: CPD Token
0xf56842af3b56fd72d17cb103f92d027bba912e89,BambooDeFi: BAMBOO Token
0x0e29e5abbb5fd88e28b2d355774e73bd47de3bcd,Hakka Finance: HAKKA Token
0xa0cf46eb152656c7090e769916eb44a138aaa406,Spheroid Universe: SPH Token
0xed0439eacf4c4965ae4613d77a5c2efe10e5f183,Niftyx Protocol: SHROOM Token
0x0e8d6b471e332f140e7d9dbb99e5e3822f728da6,ABYSS
0xd31695a1d35e489252ce57b129fd4b1b05e6acac,Tokpie: TKP Token
0x7968bc6a03017ea2de509aaa816f163db0f35148,Hedget: HGET Token
0xd7efb00d12c2c13131fd319336fdf952525da2af,Proton Chain: XPR Token
0xf433089366899d83a9f26a773d59ec7ecf30355e,Metal: MTL Token
0x0c10bf8fcb7bf5412187a595ab97a3609160b5c6,Decentralized USD: USDD Token
0xf56b164efd3cfc02ba739b719b6526a6fa1ca32a,CurioInvest: CGT Token
0x5bc25f649fc4e26069ddf4cf4010f9f706c23831,DefiDollar: DUSD Token
0xbcda9e0658f4eecf56a0bd099e6dbc0c91f6a8c2,SushiswapV2SingleSidedILProtection
